"Url","Name_Product","Price","Discount","Location"
"https://down-vn.img.susercontent.com/file/vn-11134258-7ras8-m1rh271rkam7f4","Gấu Bông Chuột lang Nước Capybara Chảy Nước Mũi Hàng Cao Cấp Giá Ưu Đãi Duy Nhất - HAUNNISHOP.VN","62.500","₫ 62.500","Vĩnh Phúc"
"https://down-vn.img.susercontent.com/file/vn-11134258-7ras8-m1rh271rkam7f4","Gấu Bông Chuột Capybara Chảy Nước Mũi (mũi rút được) Capybara Nhồi Bông","95.000","₫ 95.000","Hà Nội"
"https://down-vn.img.susercontent.com/file/vn-11134258-7ras8-m1rgv1ikgz3zec","Hoạt Hình Dễ Thương Ngáy capybara Chảy Nước Mũi Gấu Bông Sang Trọng Đồ Chơi Nhồi Bông","54.000","₫ 54.000","Nước ngoài"
"https://down-vn.img.susercontent.com/file/vn-11134258-7ras8-m1rh271rkam7f4","Gấu Bông Capybara Chảy Nước Mũi -Capybara Hồng Rút Mũi Siu Đáng Yêu, Lông Mềm Mượt","95.000","₫ 95.000","Hà Nội"
"https://down-vn.img.susercontent.com/file/vn-11134258-7ras8-m1rh271rkam7f4","Quà Tặng Bạn Nữ, Đèn Ngủ Capybara Chảy Nước Mũi 3 Chế Độ, Dễ Thương","119.000","₫ 119.000","TP. Hồ Chí Minh"
"https://down-vn.img.susercontent.com/file/vn-11134258-7ras8-m1rh271rkam7f4","Gấu bông capybara chảy nước mũi - Mũi liền - Mũi kéo","45.000","₫ 45.000","Vĩnh Phúc"
"https://down-vn.img.susercontent.com/file/vn-11134258-7ras8-m1rh2v1sfwe723","🔥🔥capybara chảy nước mũi Gấu bông capybara 25cm-55cm, búp bê capybara sang trọng, quà tặng cho trẻ em","49.000","₫ 49.000","Nước ngoài"
"https://down-vn.img.susercontent.com/file/vn-11134258-7ras8-m1rh271rkam7f4","Gấu Bông Capybara Chảy Nước Mũi Đáng Yêu, Chuột Lang CapyBara Cao Cấp(BABYBEAR 1993)","159.999","₫ 159.999","TP. Hồ Chí Minh"
"https://down-vn.img.susercontent.com/file/vn-11134258-7ras8-m1rgpyeaeklb4b","[MTT lựa chọn bán chạy] Chảy nước mũi Kapibara Búp bê đồ chơi sang trọng gối đồ chơi sang trọng capybara capybara nổi tiếng trên mạng xấu xí dễ thương","96.618","₫ 96.618","Nước ngoài"
"https://down-vn.img.susercontent.com/file/vn-11134258-7ras8-m1rh271rkam7f4","[ Kéo Mũi Chậm ] Gấu Bông Capybara Chảy Nước Mũi Cabybara Nước Mũi Xanh Gấu Chảy Nước Mũi Cao Cấp","52.000","₫ 52.000","Thái Bình"
"https://down-vn.img.susercontent.com/file/vn-11134258-7ras8-m1rh271rkam7f4","Gấu Bông Chuột Lang Nước Capybara Chảy Nước Mũi Hàng Cao Cấp Giá Ưu Đãi","55.000","₫ 55.000","Hà Nội"
"https://down-vn.img.susercontent.com/file/vn-11134258-7ras8-m1rh271rkam7f4","Thú bông Capybara chảy nước mũi rút ra vào dễ thương đáng yêu hài hước, tặng kèm giấy nhận nuôi (Hàng có sẵn) Codyshop","85.000","₫ 85.000","Hải Dương"
"https://down-vn.img.susercontent.com/file/vn-11134258-7ras8-m1rgqr12xlmnfa","Hoạt Hình Dễ Thương Ngáy capybara Chảy Nước Mũi Gấu Bông Sang Trọng Đồ Chơi Nhồi Bông","48.000","₫ 48.000","Nước ngoài"
"https://down-vn.img.susercontent.com/file/vn-11134258-7ras8-m1rh271rkam7f4","Gấu Bông Capybara Chảy Nước Mũi YATABEAR Quà Tặng Đồ Chơi Nhồi Bông Cao Cấp Chính Hãng","100.000","₫ 100.000","Hà Nội"
"https://down-vn.img.susercontent.com/file/vn-11134258-7ras8-m1rhdimd4q0ve6","Gấu Bông Capybara Chảy Nước Mũi Cực Đáng Yêu -Gấu Bông Chuột Lang Nước Rút Mũi Nâu YATASMART","95.000","₫ 95.000","Hà Nội"
"https://down-vn.img.susercontent.com/file/vn-11134258-7ras8-m1rh271rkam7f4","Gấu Bông Capybara Chảy Mũi Thò Lò, Gấu Bông Chuột Lang Nước Đáng Yêu","140.000","₫ 140.000","Hà Nội"
"https://down-vn.img.susercontent.com/file/vn-11134258-7ras8-m1rh271rkam7f4","Gấu Bông Capybara Chảy Nước Mũi (Mũi Rút/ Liền) Kt 30cm, Gấu Chuột Lang Nước Siêu Mềm Cho Bé","49.500","₫ 49.500","Vĩnh Phúc"
"https://down-vn.img.susercontent.com/file/vn-11134258-7ras8-m1rh271rkam7f4","GẤU BÔNG CHUỘT CAPYBARA CHẢY NƯỚC MŨI SIÊU ĐÁNG YÊU, MŨI KÉO RA ĐƯỢC (ẢNH THẬT SHOP TỰ CHỤP)","79.000","₫ 79.000","Cần Thơ"
"https://down-vn.img.susercontent.com/file/vn-11134258-7ras8-m1rh271rkam7f4","Gấu Bông Chuột Lang Nước Capybara Chảy Nước Mũi Lông Mềm Mịn Bông Cao Cấp nhập QUẢNG CHÂU","37.500","₫ 37.500","Hà Nội"
"https://down-vn.img.susercontent.com/file/vn-11134258-7ras8-m1rh2v1sfwe723","Gấu Bông Capybara Chảy Nước Mũi Hàng QCCC","125.000","₫ 125.000","Hà Nội"
"https://down-vn.img.susercontent.com/file/vn-11134258-7ras8-m1rh271rkam7f4","Gấu Bông Trà Sữa YUVU - Capybara Chuột Lang Đáng Yêu - Gấu Bông Cao Cấp - Thú Nhồi Bông Chất Siêu Xịn","170.000","₫ 170.000","Hà Nội"
"https://down-vn.img.susercontent.com/file/vn-11134258-7ras8-m1rgv1ikgz3zec","Hoạt Hình Dễ Thương Ngáy capybara Chảy Nước Mũi Gấu Bông Sang Trọng Đồ Chơi Nhồi Bông","54.000","₫ 54.000","Nước ngoài"
"https://down-vn.img.susercontent.com/file/vn-11134258-7ras8-m1rhdimd4q0ve6","[Gi] Kawaii Sang Trọng Ngáy Capybara Móc Khóa Capybara Dễ Thương Có Túi Rùa Móc Khóa Búp Bê Sáng Tạo Lông Tơ Đồ Chơi Nhồi Bông Quà Tặng Sinh Nhật","6.860","₫ 6.860","Nước ngoài"
"https://down-vn.img.susercontent.com/file/vn-11134258-7ras8-m1rh271rkam7f4","Gấu Bông Rút Mũi YUVU - Capybara Chuột Lang Đáng Yêu - Gấu Bông Cao Cấp Siêu Xịn - An Toàn Cho Bé","170.000","₫ 170.000","Hà Nội"
"https://down-vn.img.susercontent.com/file/vn-11134258-7ras8-m1rh271rkam7f4","Gấu Bông Chuột lang Nước Capybara Chảy Nước Mũi Hàng Cao Cấp Giá Ưu Đãi Duy Nhất - HAUNNISHOP.VN","62.500","₫ 62.500","Vĩnh Phúc"
"https://down-vn.img.susercontent.com/file/vn-11134258-7ras8-m1rguny8a6ynb6","Gấu Bông Chuột Lang Nước Capybara Hồng Miệng Dưa Hấu ♥️ Xưởng Gấu Hoa Bình ♥️ - MSP99","39.000","₫ 39.000","Vĩnh Phúc"
"https://down-vn.img.susercontent.com/file/vn-11134258-7ras8-m1rh271rkam7f4","Gấu bông capybara ôm trà sữa ngộ nghĩnh siêu cute và đáng yêu chính hãng YUVU","170.000","₫ 170.000","Hà Nội"
"https://down-vn.img.susercontent.com/file/vn-11134258-7ras8-m1rh271rkam7f4","[Pcwkkef] Kawaii Sang Trọng Ngáy Capybara Móc Khóa Dễ Thương Capybara Có Túi Rùa Móc Khóa","13.300","₫ 13.300","Nước ngoài"
"https://down-vn.img.susercontent.com/file/vn-11134258-7ras8-m1rh271rkam7f4","Gấu Bông Chuột Lang Nước Capybara Chảy Nước Mũi Hàng Cao Cấp Giá Ưu Đãi","55.000","₫ 55.000","Hà Nội"
"https://down-vn.img.susercontent.com/file/vn-11134258-7ras8-m1rh271rkam7f4","Gấu bông Capybara đeo balo rùa siêu dễ thương siêu mềm Búp Bê Nhồi Bông Capybara Mềm Mại Đáng Yêu","48.500","₫ 48.500","Hà Nội"
"https://down-vn.img.susercontent.com/file/vn-11134258-7ras8-m1rh271rkam7f4","Gấu Bông Capybara Balo Rùa Xanh YUVU Chuột Lang Xinh Xắn Siêu Dễ Thương Chính Hãng","150.000","₫ 150.000","Hà Nội"
"https://down-vn.img.susercontent.com/file/vn-11134258-7ras8-m1rh2v1sfwe723","🔥🔥capybara chảy nước mũi Gấu bông capybara 25cm-55cm, búp bê capybara sang trọng, quà tặng cho trẻ em","49.000","₫ 49.000","Nước ngoài"
"https://down-vn.img.susercontent.com/file/vn-11134258-7ras8-m1rh271rkam7f4","Gấu bông capybara chảy nước mũi - Mũi liền - Mũi kéo","45.000","₫ 45.000","Vĩnh Phúc"
"https://down-vn.img.susercontent.com/file/vn-11134258-7ras8-m1rh271rkam7f4","Momo Vòng Tay Cổ Tay Nằm Xuống Búp Bê Capybara Búp Bê Chụp Nhẫn Dễ Thương Sang Trọng Đồ Chơi Xấu Xí Dễ Thương Búp Bê Mới","31.400","₫ 31.400","Nước ngoài"
"https://down-vn.img.susercontent.com/file/vn-11134258-7ras8-m1rh271rkam7f4","( Giá Sỉ ) Gấu Bông Chuột Capybara chảy nước mũi 30cm siu đáng yêu, Thú Bông Chuột Capybara kéo được mũi cho bé","49.000","₫ 49.000","Thanh Hóa"
